h3,base,pdmg,cems,lisa,product
8867412009fffff,1327,261,0.0,ns,LIST
886741200dfffff,110,3,0.0,LH,LIST
8867412041fffff,418,181,0.0,HH,LIST
8867412043fffff,2014,321,2.0,HH,LIST
8867412045fffff,660,156,11.0,HH,LIST
8867412047fffff,1378,224,1.0,HH,LIST
8867412049fffff,6,0,0.0,LH,LIST
886741204bfffff,246,86,0.0,HH,LIST
8867412051fffff,3,0,0.0,ns,LIST
8867412055fffff,114,6,0.0,LH,LIST
8867412059fffff,543,66,3.0,ns,LIST
886741205bfffff,1,0,0.0,ns,LIST
886741205dfffff,1203,163,0.0,HH,LIST
8867412061fffff,2060,148,2.0,LH,LIST
8867412065fffff,593,74,1.0,ns,LIST
8867412067fffff,344,16,0.0,ns,LIST
8867412069fffff,780,255,2.0,ns,LIST
886741206bfffff,1142,124,2.0,HH,LIST
886741206dfffff,268,51,2.0,HH,LIST
8867412083fffff,9,1,0.0,HH,LIST
8867412087fffff,216,2,0.0,LH,LIST
8867412091fffff,1148,86,0.0,ns,LIST
8867412093fffff,1078,140,3.0,ns,LIST
8867412095fffff,1301,181,0.0,HH,LIST
8867412097fffff,2034,188,0.0,HH,LIST
886741209bfffff,117,9,0.0,ns,LIST
88674120a1fffff,365,107,0.0,HH,LIST
88674120a3fffff,1958,203,0.0,HH,LIST
88674120a7fffff,685,137,0.0,HH,LIST
88674120abfffff,934,114,0.0,HH,LIST
88674120b1fffff,1729,112,0.0,HH,LIST
88674120b3fffff,1212,73,0.0,HH,LIST
88674120b5fffff,1115,97,0.0,HH,LIST
88674120b7fffff,969,61,0.0,HH,LIST
88674120b9fffff,1899,331,0.0,HH,LIST
88674120bbfffff,1424,132,0.0,HH,LIST
88674120bdfffff,2070,208,0.0,HH,LIST
8867412101fffff,60,2,0.0,ns,LIST
8867412105fffff,824,10,0.0,ns,LIST
8867412107fffff,91,0,0.0,ns,LIST
8867412109fffff,9,0,1.0,ns,LIST
886741210dfffff,1064,34,0.0,ns,LIST
8867412129fffff,207,5,0.0,ns,LIST
886741212bfffff,2,0,0.0,ns,LIST
886741212dfffff,77,9,0.0,ns,LIST
8867412141fffff,104,56,1.0,HH,LIST
8867412143fffff,1223,109,3.0,ns,LIST
8867412145fffff,1371,924,12.0,HH,LIST
8867412147fffff,656,134,1.0,HH,LIST
8867412149fffff,461,272,101.0,ns,LIST
886741214bfffff,40,6,5.0,ns,LIST
886741214dfffff,494,324,93.0,LH,LIST
8867412155fffff,31,2,0.0,ns,LIST
8867412159fffff,148,7,0.0,ns,LIST
886741215bfffff,4,0,0.0,ns,LIST
886741215dfffff,818,29,1.0,ns,LIST
8867412161fffff,49,4,2.0,LH,LIST
8867412163fffff,529,1,0.0,ns,LIST
8867412165fffff,1621,593,13.0,HH,LIST
8867412167fffff,993,41,3.0,ns,LIST
8867412169fffff,1062,678,19.0,HH,LIST
886741216bfffff,1982,358,3.0,HH,LIST
886741216dfffff,502,309,11.0,HH,LIST
8867412213fffff,11,0,0.0,LH,LIST
8867412217fffff,18,2,0.0,HH,LIST
8867412233fffff,1059,274,32.0,ns,LIST
8867412235fffff,4,1,0.0,HH,LIST
8867412237fffff,71,19,2.0,HH,LIST
88674122c1fffff,619,186,13.0,HH,LIST
88674122c3fffff,1,0,0.0,ns,LIST
88674122c5fffff,120,3,0.0,LH,LIST
88674122c7fffff,1,0,0.0,ns,LIST
88674122c9fffff,206,143,12.0,HH,LIST
88674122cbfffff,166,48,0.0,HH,LIST
88674122cdfffff,5,2,0.0,ns,LIST
88674122e1fffff,223,37,2.0,HH,LIST
88674122e5fffff,216,12,1.0,ns,LIST
88674122e7fffff,2,0,0.0,ns,LIST
88674122e9fffff,1479,397,0.0,ns,LIST
88674122ebfffff,20,0,0.0,LH,LIST
88674122edfffff,1102,271,3.0,HH,LIST
8867412313fffff,37,18,0.0,HH,LIST
8867412317fffff,310,171,15.0,HH,LIST
8867412323fffff,182,95,17.0,ns,LIST
8867412327fffff,256,116,75.0,ns,LIST
8867412331fffff,179,102,6.0,HH,LIST
8867412333fffff,106,24,0.0,HH,LIST
8867412335fffff,607,353,25.0,HH,LIST
8867412337fffff,26,5,0.0,ns,LIST
8867412339fffff,168,100,5.0,HH,LIST
886741233bfffff,278,149,6.0,HH,LIST
886741233dfffff,272,113,3.0,HH,LIST
8867412421fffff,69,1,0.0,ns,LIST
8867412425fffff,502,34,0.0,ns,LIST
8867412427fffff,92,14,0.0,ns,LIST
8867412501fffff,310,14,0.0,ns,LIST
8867412503fffff,830,9,0.0,ns,LIST
8867412505fffff,429,2,0.0,ns,LIST
8867412507fffff,1008,56,0.0,ns,LIST
8867412509fffff,371,29,0.0,ns,LIST
886741250bfffff,510,33,0.0,ns,LIST
886741250dfffff,29,0,0.0,ns,LIST
8867412511fffff,272,4,0.0,ns,LIST
8867412513fffff,396,7,0.0,ns,LIST
8867412515fffff,604,23,0.0,ns,LIST
8867412517fffff,141,8,0.0,ns,LIST
8867412519fffff,589,21,0.0,ns,LIST
886741251bfffff,448,28,0.0,ns,LIST
886741251dfffff,866,14,0.0,ns,LIST
8867412521fffff,1660,62,0.0,ns,LIST
8867412523fffff,2681,71,0.0,ns,LIST
8867412525fffff,2245,37,0.0,LL,LIST
8867412527fffff,2545,59,0.0,LL,LIST
8867412529fffff,1095,16,0.0,ns,LIST
886741252bfffff,1404,82,0.0,ns,LIST
886741252dfffff,2524,167,0.0,ns,LIST
8867412531fffff,392,16,0.0,ns,LIST
8867412533fffff,817,10,0.0,ns,LIST
8867412535fffff,198,12,0.0,ns,LIST
8867412537fffff,220,8,0.0,ns,LIST
8867412539fffff,857,36,0.0,ns,LIST
886741253bfffff,215,3,0.0,ns,LIST
886741253dfffff,598,19,0.0,ns,LIST
8867412541fffff,1377,132,0.0,ns,LIST
8867412543fffff,919,61,0.0,ns,LIST
8867412545fffff,2460,170,0.0,ns,LIST
8867412547fffff,1001,52,0.0,ns,LIST
8867412549fffff,56,6,0.0,ns,LIST
886741254bfffff,852,63,0.0,ns,LIST
886741254dfffff,463,54,0.0,ns,LIST
8867412551fffff,874,78,0.0,ns,LIST
8867412553fffff,252,10,0.0,ns,LIST
8867412555fffff,962,74,0.0,ns,LIST
8867412557fffff,999,48,0.0,ns,LIST
8867412559fffff,505,15,0.0,ns,LIST
886741255dfffff,941,23,0.0,ns,LIST
8867412561fffff,841,73,0.0,ns,LIST
8867412563fffff,1274,25,0.0,ns,LIST
8867412565fffff,727,37,0.0,LH,LIST
8867412567fffff,1585,123,0.0,ns,LIST
8867412569fffff,1509,156,0.0,ns,LIST
886741256bfffff,561,37,0.0,ns,LIST
886741256dfffff,1342,146,0.0,ns,LIST
88674125a1fffff,1082,34,0.0,ns,LIST
88674125a3fffff,129,18,0.0,ns,LIST
88674125a5fffff,113,4,0.0,ns,LIST
88674125a7fffff,835,60,0.0,ns,LIST
88674125a9fffff,319,19,0.0,ns,LIST
88674125abfffff,123,2,0.0,ns,LIST
88674125adfffff,628,30,0.0,ns,LIST
88674125b1fffff,27,0,0.0,ns,LIST
88674125b5fffff,87,0,0.0,ns,LIST
88674125b7fffff,22,0,0.0,ns,LIST
88674125bdfffff,21,0,0.0,ns,LIST
88674125c5fffff,210,17,0.0,ns,LIST
88674125cdfffff,23,0,0.0,ns,LIST
88674125e1fffff,491,8,0.0,ns,LIST
88674125e5fffff,683,28,0.0,ns,LIST
88674125e7fffff,379,12,0.0,ns,LIST
88674125e9fffff,522,10,0.0,ns,LIST
88674125ebfffff,8,0,0.0,ns,LIST
88674125edfffff,404,0,0.0,ns,LIST
8867412731fffff,43,3,0.0,ns,LIST
8867412733fffff,257,4,0.0,ns,LIST
8867412735fffff,19,2,0.0,ns,LIST
8867412737fffff,1087,79,0.0,ns,LIST
8867412849fffff,2,0,0.0,ns,LIST
8867412a01fffff,519,9,2.0,ns,LIST
8867412a05fffff,443,2,0.0,ns,LIST
8867412a07fffff,53,0,0.0,ns,LIST
8867412a09fffff,1900,123,6.0,ns,LIST
8867412a0bfffff,44,0,0.0,ns,LIST
8867412a0dfffff,1074,40,0.0,ns,LIST
8867412a15fffff,358,6,0.0,ns,LIST
8867412a19fffff,37,0,0.0,ns,LIST
8867412a1dfffff,210,2,1.0,ns,LIST
8867412a21fffff,15,0,0.0,ns,LIST
8867412a23fffff,372,9,0.0,ns,LIST
8867412a27fffff,29,1,0.0,ns,LIST
8867412a29fffff,32,2,0.0,ns,LIST
8867412a2bfffff,425,29,0.0,ns,LIST
8867412a31fffff,1,0,0.0,ns,LIST
8867412a3bfffff,1,0,0.0,ns,LIST
8867412a3dfffff,397,37,0.0,ns,LIST
8867412a43fffff,681,134,2.0,ns,LIST
8867412a47fffff,91,12,0.0,ns,LIST
8867412a51fffff,52,0,0.0,ns,LIST
8867412a53fffff,1,0,0.0,ns,LIST
8867412a55fffff,1459,173,2.0,ns,LIST
8867412a57fffff,581,25,0.0,ns,LIST
8867412a59fffff,483,205,8.0,ns,LIST
8867412a5bfffff,300,54,1.0,ns,LIST
8867412a5dfffff,177,11,4.0,ns,LIST
8867412a63fffff,449,124,0.0,ns,LIST
8867412a67fffff,25,5,1.0,HH,LIST
8867412a6bfffff,6,2,0.0,HH,LIST
8867412c11fffff,73,0,0.0,ns,LIST
8867412c13fffff,66,2,0.0,ns,LIST
8867412c19fffff,307,27,0.0,ns,LIST
8867412c1bfffff,181,2,0.0,ns,LIST
8867412c1dfffff,1,0,0.0,ns,LIST
8867412c53fffff,122,23,0.0,ns,LIST
8867412c57fffff,9,0,0.0,ns,LIST
8867412c5bfffff,133,6,0.0,ns,LIST
8867412cc9fffff,325,44,0.0,ns,LIST
8867412ccbfffff,91,7,0.0,ns,LIST
8867412ccdfffff,473,92,0.0,ns,LIST
8867412e0bfffff,8,0,0.0,ns,LIST
8867412e11fffff,1,0,0.0,ns,LIST
8867412e13fffff,598,8,0.0,LL,LIST
8867412e19fffff,842,29,0.0,LL,LIST
8867412e1bfffff,973,6,0.0,LL,LIST
8867412e1dfffff,607,33,0.0,ns,LIST
8867412e41fffff,4,0,0.0,LH,LIST
8867412e43fffff,605,77,0.0,ns,LIST
8867412e49fffff,561,95,0.0,HH,LIST
8867412e4bfffff,888,178,0.0,ns,LIST
8867412e51fffff,909,99,0.0,ns,LIST
8867412e53fffff,1782,15,0.0,ns,LIST
8867412e55fffff,312,25,0.0,ns,LIST
8867412e57fffff,1457,56,0.0,ns,LIST
8867412e59fffff,1364,179,0.0,ns,LIST
8867412e5bfffff,1095,78,0.0,ns,LIST
8867412e5dfffff,1701,72,0.0,LH,LIST
8867412e81fffff,79,2,0.0,ns,LIST
8867412e85fffff,190,1,0.0,ns,LIST
8867412e87fffff,7,0,0.0,ns,LIST
8867412e89fffff,373,20,0.0,ns,LIST
8867412e8bfffff,126,11,0.0,ns,LIST
8867412e8dfffff,419,41,0.0,ns,LIST
8867412e91fffff,72,1,0.0,ns,LIST
8867412e93fffff,44,4,0.0,ns,LIST
8867412e99fffff,206,0,0.0,ns,LIST
8867412e9bfffff,112,4,0.0,ns,LIST
8867412e9dfffff,196,1,0.0,ns,LIST
8867412ea1fffff,412,11,0.0,ns,LIST
8867412ea3fffff,718,15,0.0,ns,LIST
8867412ea5fffff,118,8,0.0,ns,LIST
8867412ea7fffff,947,85,0.0,ns,LIST
8867412ea9fffff,354,21,0.0,ns,LIST
8867412eabfffff,218,16,0.0,ns,LIST
8867412eadfffff,216,13,0.0,ns,LIST
8867412eb1fffff,2,0,0.0,ns,LIST
8867412eb5fffff,179,1,0.0,ns,LIST
8867412eb7fffff,2,0,0.0,ns,LIST
8867412eb9fffff,2,0,0.0,ns,LIST
8867412ebdfffff,186,23,0.0,ns,LIST
8867412ec1fffff,1006,5,0.0,ns,LIST
8867412ec3fffff,149,9,0.0,ns,LIST
8867412ec5fffff,1104,23,0.0,LL,LIST
8867412ec7fffff,382,38,0.0,ns,LIST
8867412ec9fffff,2189,99,0.0,LL,LIST
8867412ecbfffff,189,5,0.0,ns,LIST
8867412ecdfffff,2832,86,0.0,LL,LIST
8867412ed1fffff,559,21,0.0,ns,LIST
8867412ed3fffff,721,17,0.0,ns,LIST
8867412ed5fffff,22,0,0.0,ns,LIST
8867412ed7fffff,506,16,0.0,ns,LIST
8867412ed9fffff,555,17,0.0,ns,LIST
8867412edbfffff,774,26,0.0,ns,LIST
8867412eddfffff,30,1,0.0,ns,LIST
8867412ee1fffff,472,6,0.0,ns,LIST
8867412ee3fffff,568,29,0.0,ns,LIST
8867412ee5fffff,130,1,0.0,ns,LIST
8867412ee7fffff,1054,68,0.0,ns,LIST
8867412ee9fffff,985,19,0.0,ns,LIST
8867412eebfffff,1218,29,0.0,ns,LIST
8867413413fffff,2,0,0.0,ns,LIST
8867413417fffff,2,0,0.0,ns,LIST
8867413421fffff,54,29,10.0,ns,LIST
8867413423fffff,313,183,60.0,ns,LIST
8867413425fffff,79,24,9.0,ns,LIST
8867413427fffff,946,634,101.0,ns,LIST
8867413431fffff,640,284,34.0,ns,LIST
8867413433fffff,53,14,0.0,ns,LIST
8867413435fffff,454,188,57.0,ns,LIST
8867413439fffff,24,13,4.0,ns,LIST
886741343bfffff,165,27,3.0,ns,LIST
886741343dfffff,68,28,10.0,ns,LIST
88674134c9fffff,12,0,0.0,ns,LIST
88674134cbfffff,11,0,0.0,ns,LIST
88674134edfffff,1,0,0.0,ns,LIST
8867413511fffff,207,129,25.0,HH,LIST
8867413513fffff,601,237,4.0,HH,LIST
8867413515fffff,32,7,0.0,HH,LIST
8867413517fffff,122,59,4.0,HH,LIST
8867413519fffff,2,0,0.0,ns,LIST
886741351bfffff,903,540,90.0,ns,LIST
8867413531fffff,735,413,17.0,HH,LIST
8867413535fffff,956,368,19.0,HH,LIST
8867413537fffff,244,95,0.0,HH,LIST
886741353bfffff,220,83,3.0,HH,LIST
886741353dfffff,20,13,7.0,HH,LIST
88674135c1fffff,64,0,0.0,ns,LIST
88674135c3fffff,8,0,0.0,ns,LIST
88674135c5fffff,187,26,0.0,HH,LIST
88674135c7fffff,182,33,0.0,ns,LIST
88674135c9fffff,1230,387,22.0,ns,LIST
88674135cbfffff,129,28,0.0,ns,LIST
88674135cdfffff,946,220,8.0,ns,LIST
88674135e9fffff,77,25,0.0,HH,LIST
88674135edfffff,5,0,0.0,LH,LIST
8867413691fffff,17,0,0.0,ns,LIST
8867413693fffff,7,0,0.0,ns,LIST
8867413699fffff,14,8,0.0,HH,LIST
886741369bfffff,212,6,0.0,LH,LIST
88674136b1fffff,20,0,0.0,ns,LIST
88674136b5fffff,43,6,0.0,ns,LIST
88674136b9fffff,157,7,0.0,ns,LIST
88674136bbfffff,71,1,0.0,ns,LIST
88674136bdfffff,8,0,0.0,ns,LIST
8867413891fffff,114,55,34.0,HL,LIST
8867413893fffff,902,629,140.0,LH,LIST
8867413895fffff,1,0,0.0,ns,LIST
8867413897fffff,1232,837,163.0,LH,LIST
886741389bfffff,300,126,44.0,ns,LIST
88674138b3fffff,732,420,22.0,HH,LIST
88674138b7fffff,18,0,0.0,LH,LIST
88674138bbfffff,280,153,38.0,ns,LIST
88674301a3fffff,187,25,0.0,HH,LIST
88674301a5fffff,438,114,0.0,HH,LIST
88674301abfffff,2,0,0.0,ns,LIST
88674301b1fffff,20,5,0.0,HH,LIST
88674301b5fffff,234,118,0.0,HH,LIST
88674301b7fffff,62,12,0.0,HH,LIST
88674301bdfffff,183,46,0.0,HH,LIST
88674308c3fffff,18,0,0.0,ns,LIST
88674308c9fffff,1,0,0.0,ns,LIST
88674308cbfffff,28,0,0.0,ns,LIST
88674308cdfffff,1,0,0.0,ns,LIST
88674308d1fffff,20,0,0.0,LL,LIST
88674308d5fffff,30,0,7.0,ns,LIST
88674308d9fffff,868,0,2.0,LL,LIST
88674308ddfffff,340,0,5.0,ns,LIST
8867430a81fffff,32,0,0.0,ns,LIST
8867430a83fffff,184,0,0.0,ns,LIST
8867430a85fffff,2,0,0.0,ns,LIST
8867430a91fffff,1051,134,0.0,HH,LIST
8867430a93fffff,399,45,0.0,HH,LIST
8867430a95fffff,373,0,2.0,ns,LIST
8867430a97fffff,1078,18,0.0,ns,LIST
8867430a99fffff,979,206,0.0,HH,LIST
8867430a9bfffff,773,144,0.0,HH,LIST
8867430a9dfffff,67,0,0.0,ns,LIST
8867430ab1fffff,1332,0,2.0,LL,LIST
8867430ab3fffff,1072,0,0.0,LL,LIST
8867430ab5fffff,124,0,1.0,LL,LIST
8867430ab7fffff,633,0,0.0,LL,LIST
8867430ab9fffff,1007,0,1.0,LL,LIST
8867430abbfffff,1062,0,1.0,LL,LIST
8867430abdfffff,127,0,0.0,LL,LIST
8867430ad3fffff,213,74,0.0,HH,LIST
8867430ad5fffff,37,0,4.0,ns,LIST
8867430ad7fffff,33,0,1.0,LH,LIST
8867430f41fffff,262,62,0.0,HH,LIST
8867430f43fffff,95,2,0.0,ns,LIST
8867430f45fffff,34,8,0.0,ns,LIST
8867430f47fffff,4,0,0.0,ns,LIST
8867430f49fffff,108,61,0.0,HH,LIST
8867430f4bfffff,143,13,0.0,HH,LIST
8867430f4dfffff,53,7,0.0,HH,LIST
8867430f5dfffff,5,0,0.0,ns,LIST
8867430f61fffff,4,0,0.0,ns,LIST
8867430f63fffff,1,0,0.0,ns,LIST
8867430f65fffff,1,0,0.0,LL,LIST
8867430f69fffff,13,0,0.0,ns,LIST
8867430f6bfffff,22,0,0.0,ns,LIST
8867430f6dfffff,155,0,0.0,LL,LIST
8867434123fffff,1,0,0.0,ns,LIST
8867434195fffff,416,27,0.0,ns,LIST
88674341a9fffff,7,0,0.0,ns,LIST
88674341b1fffff,2,0,0.0,ns,LIST
88674341b5fffff,5,0,0.0,ns,LIST
88674341b7fffff,2,0,0.0,ns,LIST
88674341b9fffff,1,0,0.0,ns,LIST
88674341bbfffff,8,0,0.0,ns,LIST
88674341e1fffff,11,0,0.0,ns,LIST
88674341e7fffff,2,0,0.0,ns,LIST
88674341e9fffff,2,0,0.0,ns,LIST
88674341edfffff,4,0,0.0,ns,LIST
8867434511fffff,5,0,0.0,ns,LIST
8867434513fffff,266,29,0.0,ns,LIST
8867434517fffff,109,0,0.0,ns,LIST
8867434527fffff,5,0,0.0,ns,LIST
8867434531fffff,69,3,0.0,ns,LIST
8867434535fffff,14,0,0.0,ns,LIST
8867434539fffff,7,0,0.0,ns,LIST
886743453bfffff,193,2,0.0,ns,LIST
88674345e9fffff,8,0,0.0,ns,LIST
88674345edfffff,4,0,0.0,ns,LIST
8867434891fffff,2,0,0.0,ns,LIST
8867434893fffff,286,5,0.0,ns,LIST
8867434895fffff,13,0,0.0,ns,LIST
886743489bfffff,3,0,0.0,ns,LIST
886743489dfffff,5,0,0.0,ns,LIST
88674348b1fffff,245,5,0.0,ns,LIST
88674348b3fffff,3,0,0.0,ns,LIST
88674348b5fffff,74,0,0.0,ns,LIST
88674348b7fffff,73,1,0.0,ns,LIST
88674348b9fffff,43,0,0.0,ns,LIST
88674348bbfffff,4,0,0.0,ns,LIST
8867434a43fffff,6,0,0.0,ns,LIST
8867434a45fffff,68,0,0.0,ns,LIST
8867434a47fffff,2,0,0.0,ns,LIST
8867434a63fffff,254,0,0.0,ns,LIST
8867434a6bfffff,98,0,0.0,ns,LIST
8867434ac9fffff,4,0,0.0,ns,LIST
8867434c09fffff,41,3,0.0,ns,LIST
8867434c41fffff,9,0,0.0,ns,LIST
8867434c43fffff,113,3,0.0,ns,LIST
8867434c45fffff,6,0,0.0,ns,LIST
8867434c47fffff,99,3,0.0,ns,LIST
8867434c4bfffff,80,1,0.0,ns,LIST
8867434c4dfffff,7,0,0.0,ns,LIST
8867434c5dfffff,68,0,0.0,ns,LIST
8867434c61fffff,58,0,0.0,ns,LIST
8867434c63fffff,4,0,0.0,ns,LIST
8867434c69fffff,3,0,0.0,ns,LIST
8867434c6bfffff,52,0,0.0,ns,LIST
8867434c6dfffff,3,0,0.0,ns,LIST
8867434d45fffff,3,0,0.0,ns,LIST
8867434d49fffff,188,0,0.0,ns,LIST
8867434d4bfffff,215,2,0.0,ns,LIST
8867434d4dfffff,178,0,0.0,ns,LIST
8867434d59fffff,1,0,0.0,ns,LIST
8867434d5dfffff,27,0,0.0,ns,LIST
8867434d65fffff,58,0,0.0,ns,LIST
8867434d67fffff,103,0,0.0,ns,LIST
8867434d69fffff,109,4,0.0,ns,LIST
8867434e13fffff,103,8,0.0,ns,LIST
8867434e15fffff,1,0,0.0,ns,LIST
8867434e17fffff,1,0,0.0,ns,LIST
8867434e1bfffff,2,0,0.0,ns,LIST
8867434e31fffff,6,0,0.0,ns,LIST
8867434e33fffff,105,6,0.0,ns,LIST
8867434e35fffff,3,0,0.0,ns,LIST
8867434e37fffff,46,0,0.0,ns,LIST
8867434e3bfffff,1,0,0.0,ns,LIST
8867434ec1fffff,88,0,0.0,ns,LIST
8867434ec5fffff,314,30,0.0,ns,LIST
8867434ec9fffff,129,1,0.0,ns,LIST
8867434ecdfffff,683,53,0.0,ns,LIST
8867434ee5fffff,12,0,0.0,ns,LIST
8867434ee9fffff,369,42,0.0,ns,LIST
8867434eedfffff,279,22,0.0,ns,LIST
8867434f13fffff,2,0,0.0,ns,LIST
8867434f17fffff,1,0,0.0,ns,LIST
8867434f21fffff,224,16,0.0,ns,LIST
8867434f23fffff,25,0,0.0,ns,LIST
8867434f25fffff,16,3,0.0,ns,LIST
8867434f27fffff,236,3,0.0,ns,LIST
8867434f29fffff,190,8,0.0,ns,LIST
8867434f31fffff,9,0,0.0,ns,LIST
8867434f33fffff,3,0,0.0,ns,LIST
8867434f35fffff,2,0,0.0,ns,LIST
8867434f37fffff,187,0,0.0,ns,LIST
8867434f3dfffff,1,0,0.0,ns,LIST
8867434f41fffff,277,8,0.0,ns,LIST
8867434f43fffff,218,11,0.0,ns,LIST
8867434f47fffff,681,61,0.0,ns,LIST
8867434f63fffff,5,0,0.0,ns,LIST
88674358a5fffff,23,0,0.0,ns,LIST
88674358adfffff,25,0,0.0,ns,LIST
8867435933fffff,6,0,0.0,ns,LIST
8867435981fffff,50,0,0.0,ns,LIST
8867435985fffff,116,0,0.0,ns,LIST
8867435987fffff,1,0,0.0,ns,LIST
886743598bfffff,112,0,0.0,ns,LIST
886743598dfffff,398,5,0.0,ns,LIST
8867435993fffff,10,0,0.0,ns,LIST
886743599bfffff,12,0,0.0,ns,LIST
88674359a9fffff,219,11,0.0,ns,LIST
88674359c7fffff,1,0,0.0,ns,LIST
88674359d1fffff,17,0,0.0,ns,LIST
88674359d3fffff,59,0,0.0,ns,LIST
88674359d5fffff,18,0,0.0,ns,LIST
88674359d7fffff,7,1,0.0,ns,LIST
88674359dbfffff,4,0,0.0,ns,LIST
88674359e1fffff,14,0,0.0,ns,LIST
88674359e3fffff,336,2,0.0,ns,LIST
88674359e5fffff,4,0,0.0,ns,LIST
88674359e7fffff,23,0,0.0,ns,LIST
88674359ebfffff,14,1,0.0,ns,LIST
88674359edfffff,230,5,0.0,ns,LIST
88674c5b09fffff,92,0,0.0,ns,LIST
88674c5b0bfffff,1,0,0.0,ns,LIST
88674c5b0dfffff,72,0,0.0,ns,LIST
88674c5b41fffff,537,29,0.0,ns,LIST
88674c5b43fffff,259,5,0.0,ns,LIST
88674c5b45fffff,62,0,0.0,ns,LIST
88674c5b47fffff,229,6,0.0,ns,LIST
88674c5b49fffff,1337,90,0.0,ns,LIST
88674c5b4bfffff,367,10,0.0,ns,LIST
88674c5b4dfffff,159,12,0.0,ns,LIST
88674c5b55fffff,42,0,0.0,ns,LIST
88674c5b5dfffff,74,0,0.0,ns,LIST
88674c5b63fffff,46,2,0.0,ns,LIST
88674c5b69fffff,12,1,0.0,ns,LIST
88674c5b6bfffff,44,1,0.0,ns,LIST
88674cc04dfffff,9,0,0.0,ns,LIST
88674cc203fffff,1,0,0.0,ns,LIST
88674cc207fffff,10,0,0.0,ns,LIST
88674cc215fffff,1,0,0.0,ns,LIST
88674cc221fffff,26,0,0.0,ns,LIST
88674cc223fffff,29,0,0.0,ns,LIST
88674cc225fffff,32,1,0.0,ns,LIST
88674cc227fffff,62,0,0.0,ns,LIST
88674cc22bfffff,93,0,0.0,ns,LIST
88674cc239fffff,28,0,0.0,ns,LIST
88674cc23dfffff,64,0,0.0,ns,LIST
88674cc31bfffff,44,0,0.0,ns,LIST
88674cc31dfffff,3,0,0.0,ns,LIST
88674ccb45fffff,18,0,0.0,ns,LIST
88674ccb49fffff,6,0,0.0,ns,LIST
88674ccb4dfffff,88,8,0.0,ns,LIST
88674cd883fffff,56,2,0.0,ns,LIST
88674cd895fffff,350,1,1.0,ns,LIST
88674cd89dfffff,8,0,0.0,ns,LIST
88674cd983fffff,118,9,0.0,ns,LIST
88674cd987fffff,253,23,0.0,ns,LIST
88674cd995fffff,51,0,0.0,ns,LIST
88674cd999fffff,103,0,0.0,ns,LIST
88674cd99bfffff,91,0,0.0,ns,LIST
88674cd9a1fffff,59,12,0.0,HH,LIST
88674cd9a3fffff,72,1,0.0,ns,LIST
88674cd9a5fffff,438,231,0.0,HH,LIST
88674cd9a7fffff,1282,155,0.0,HH,LIST
88674cd9b1fffff,35,0,0.0,ns,LIST
88674cd9b9fffff,473,49,0.0,ns,LIST
88674cd9bdfffff,158,1,0.0,ns,LIST
88674ec003fffff,4,0,0.0,ns,LIST
88674ec011fffff,840,39,0.0,ns,LIST
88674ec013fffff,1013,54,0.0,ns,LIST
88674ec015fffff,440,56,0.0,ns,LIST
88674ec017fffff,984,37,0.0,ns,LIST
88674ec019fffff,330,28,0.0,ns,LIST
88674ec01bfffff,1002,43,0.0,ns,LIST
88674ec031fffff,279,19,0.0,ns,LIST
88674ec033fffff,1028,14,0.0,ns,LIST
88674ec037fffff,60,0,0.0,ns,LIST
88674ec039fffff,289,8,0.0,ns,LIST
88674ec03bfffff,1730,69,0.0,ns,LIST
88674ec081fffff,243,17,0.0,ns,LIST
88674ec083fffff,742,28,0.0,ns,LIST
88674ec085fffff,205,9,0.0,ns,LIST
88674ec087fffff,786,9,0.0,ns,LIST
88674ec089fffff,223,19,0.0,ns,LIST
88674ec08bfffff,313,7,0.0,ns,LIST
88674ec08dfffff,95,6,0.0,ns,LIST
88674ec091fffff,908,70,0.0,ns,LIST
88674ec093fffff,598,17,0.0,ns,LIST
88674ec095fffff,1316,83,0.0,ns,LIST
88674ec097fffff,1525,25,0.0,ns,LIST
88674ec09bfffff,28,7,0.0,ns,LIST
88674ec09dfffff,443,12,0.0,ns,LIST
88674ec0a1fffff,897,18,0.0,ns,LIST
88674ec0a3fffff,958,30,0.0,ns,LIST
88674ec0a5fffff,5,0,0.0,ns,LIST
88674ec0a7fffff,47,4,0.0,ns,LIST
88674ec0a9fffff,1637,26,0.0,ns,LIST
88674ec0abfffff,840,23,0.0,ns,LIST
88674ec0adfffff,35,0,0.0,ns,LIST
88674ec0b1fffff,212,19,0.0,ns,LIST
88674ec0b3fffff,1328,30,0.0,ns,LIST
88674ec0b5fffff,837,22,0.0,ns,LIST
88674ec0b7fffff,1129,44,0.0,ns,LIST
88674ec0b9fffff,1392,19,0.0,ns,LIST
88674ec0bbfffff,1179,41,0.0,ns,LIST
88674ec0bdfffff,1036,35,0.0,ns,LIST
88674ec0c1fffff,222,13,0.0,ns,LIST
88674ec0c3fffff,54,2,0.0,ns,LIST
88674ec0c5fffff,406,4,0.0,ns,LIST
88674ec0c7fffff,39,0,0.0,ns,LIST
88674ec0c9fffff,125,0,0.0,ns,LIST
88674ec0cbfffff,4,0,0.0,ns,LIST
88674ec0cdfffff,875,11,0.0,ns,LIST
88674ec0d1fffff,25,0,0.0,ns,LIST
88674ec0d5fffff,161,11,0.0,ns,LIST
88674ec0d7fffff,2,0,0.0,ns,LIST
88674ec0d9fffff,14,1,0.0,ns,LIST
88674ec0ddfffff,69,9,0.0,ns,LIST
88674ec0e1fffff,161,16,3.0,ns,LIST
88674ec0e3fffff,284,12,0.0,ns,LIST
88674ec0e5fffff,310,20,0.0,ns,LIST
88674ec0e7fffff,79,0,0.0,ns,LIST
88674ec0e9fffff,866,17,0.0,ns,LIST
88674ec0ebfffff,128,5,0.0,ns,LIST
88674ec0edfffff,1267,56,0.0,ns,LIST
88674ec133fffff,1017,55,0.0,ns,LIST
88674ec135fffff,319,22,0.0,ns,LIST
88674ec137fffff,1482,76,0.0,ns,LIST
88674ec181fffff,75,0,0.0,ns,LIST
88674ec183fffff,864,52,0.0,ns,LIST
88674ec185fffff,86,1,0.0,ns,LIST
88674ec187fffff,21,1,0.0,ns,LIST
88674ec189fffff,2,0,0.0,ns,LIST
88674ec18bfffff,18,2,0.0,ns,LIST
88674ec191fffff,366,19,0.0,ns,LIST
88674ec193fffff,74,5,0.0,ns,LIST
88674ec195fffff,1558,41,0.0,ns,LIST
88674ec197fffff,231,6,0.0,ns,LIST
88674ec199fffff,6,0,0.0,ns,LIST
88674ec19bfffff,89,2,0.0,ns,LIST
88674ec19dfffff,158,7,0.0,ns,LIST
88674ec1a3fffff,131,1,0.0,ns,LIST
88674ec1a5fffff,1,0,0.0,ns,LIST
88674ec1a7fffff,987,29,0.0,ns,LIST
88674ec1a9fffff,51,0,0.0,ns,LIST
88674ec1abfffff,103,10,0.0,ns,LIST
88674ec1adfffff,998,56,0.0,ns,LIST
88674ec1b1fffff,899,47,0.0,ns,LIST
88674ec1b3fffff,283,18,0.0,ns,LIST
88674ec1b5fffff,173,2,0.0,ns,LIST
88674ec1b7fffff,6,0,0.0,ns,LIST
88674ec1b9fffff,1226,43,0.0,ns,LIST
88674ec1bbfffff,1881,51,0.0,ns,LIST
88674ec1bdfffff,17,0,0.0,ns,LIST
88674ec1c1fffff,28,0,0.0,ns,LIST
88674ec1c3fffff,336,16,0.0,ns,LIST
88674ec1c5fffff,260,22,0.0,ns,LIST
88674ec1c7fffff,22,4,0.0,ns,LIST
88674ec1cbfffff,8,2,0.0,ns,LIST
88674ec1d1fffff,37,1,0.0,ns,LIST
88674ec1d3fffff,8,0,0.0,ns,LIST
88674ec1d5fffff,17,0,0.0,ns,LIST
88674ec1d7fffff,2,0,0.0,ns,LIST
88674ec1d9fffff,189,5,0.0,ns,LIST
88674ec1dbfffff,168,8,0.0,ns,LIST
88674ec1ddfffff,11,0,0.0,ns,LIST
88674ec1e1fffff,1184,51,0.0,ns,LIST
88674ec1e3fffff,14,0,0.0,ns,LIST
88674ec1e5fffff,1679,88,0.0,ns,LIST
88674ec1e7fffff,2506,145,0.0,ns,LIST
88674ec1e9fffff,796,24,0.0,ns,LIST
88674ec1ebfffff,163,8,0.0,ns,LIST
88674ec1edfffff,1084,21,0.0,ns,LIST
88674ec2a5fffff,222,9,0.0,ns,LIST
88674ec2a7fffff,65,11,0.0,ns,LIST
88674ec2b7fffff,31,6,0.0,ns,LIST
88674ec521fffff,87,2,0.0,ns,LIST
88674ec523fffff,15,0,0.0,ns,LIST
88674ec525fffff,18,0,0.0,ns,LIST
88674ec527fffff,31,0,0.0,ns,LIST
88674ec529fffff,216,13,0.0,ns,LIST
88674ec52bfffff,15,0,0.0,ns,LIST
88674ec52dfffff,613,16,0.0,ns,LIST
88674ec54dfffff,10,0,0.0,ns,LIST
88674ec561fffff,417,28,0.0,ns,LIST
88674ec563fffff,230,27,0.0,ns,LIST
88674ec565fffff,1258,61,0.0,ns,LIST
88674ec567fffff,1290,52,0.0,ns,LIST
88674ec569fffff,819,13,0.0,ns,LIST
88674ec56bfffff,199,21,0.0,ns,LIST
88674ec56dfffff,805,29,0.0,ns,LIST
88674ec727fffff,26,0,0.0,ns,LIST
88674ec8c1fffff,4,0,0.0,ns,LIST
88674ec8c3fffff,20,0,0.0,ns,LIST
88674ec8c9fffff,8,0,0.0,ns,LIST
88674ec8cbfffff,137,4,0.0,ns,LIST
88674ec8cdfffff,73,2,0.0,ns,LIST
88674ec8d1fffff,47,0,0.0,ns,LIST
88674ec8d5fffff,4,0,0.0,ns,LIST
88674ec8d9fffff,1036,31,0.0,LL,LIST
88674ec8dbfffff,1400,32,0.0,ns,LIST
88674ec8ddfffff,195,0,0.0,ns,LIST
88674eca11fffff,596,5,0.0,ns,LIST
88674eca13fffff,2506,156,0.0,ns,LIST
88674eca17fffff,1059,32,0.0,ns,LIST
88674eca1bfffff,138,1,0.0,ns,LIST
88674eca81fffff,1335,55,0.0,ns,LIST
88674eca83fffff,1,0,0.0,ns,LIST
88674eca85fffff,710,24,0.0,ns,LIST
88674eca87fffff,51,4,0.0,ns,LIST
88674eca89fffff,2217,86,0.0,ns,LIST
88674eca8bfffff,1741,75,0.0,ns,LIST
88674eca8dfffff,2279,99,0.0,ns,LIST
88674eca91fffff,1,0,0.0,ns,LIST
88674eca93fffff,454,34,0.0,ns,LIST
88674eca97fffff,233,20,0.0,ns,LIST
88674eca9bfffff,127,0,0.0,ns,LIST
88674eca9dfffff,3,0,0.0,ns,LIST
88674ecaa3fffff,6,0,0.0,ns,LIST
88674ecaa9fffff,14,0,0.0,ns,LIST
88674ecaabfffff,27,3,0.0,ns,LIST
88674ecab1fffff,532,16,0.0,ns,LIST
88674ecab3fffff,793,16,0.0,ns,LIST
88674ecab5fffff,122,0,0.0,ns,LIST
88674ecab7fffff,1180,41,0.0,ns,LIST
88674ecab9fffff,1,0,0.0,ns,LIST
88674ecabbfffff,155,16,0.0,ns,LIST
88674ecabdfffff,22,0,0.0,ns,LIST
88674ecac1fffff,1313,49,0.0,ns,LIST
88674ecac3fffff,1902,55,0.0,ns,LIST
88674ecac5fffff,2164,159,0.0,ns,LIST
88674ecac7fffff,2161,132,0.0,ns,LIST
88674ecac9fffff,289,25,0.0,ns,LIST
88674ecacbfffff,934,44,0.0,ns,LIST
88674ecacdfffff,379,18,0.0,ns,LIST
88674ecad1fffff,2342,123,0.0,ns,LIST
88674ecad3fffff,8,0,0.0,ns,LIST
88674ecad5fffff,2242,116,0.0,ns,LIST
88674ecad7fffff,760,40,0.0,ns,LIST
88674ecad9fffff,2100,63,0.0,ns,LIST
88674ecadbfffff,1846,92,0.0,ns,LIST
88674ecaddfffff,2430,34,0.0,ns,LIST
88674ecae1fffff,1461,34,0.0,ns,LIST
88674ecae3fffff,1212,73,0.0,ns,LIST
88674ecae7fffff,14,0,0.0,ns,LIST
88674ecae9fffff,1993,88,0.0,ns,LIST
88674ecaebfffff,2076,86,0.0,ns,LIST
88674ecaedfffff,652,27,0.0,ns,LIST
88674ecc49fffff,15,0,0.0,ns,LIST
88674ecc4dfffff,2,0,0.0,ns,LIST
88674ece01fffff,107,0,0.0,ns,LIST
88674ece05fffff,91,4,0.0,ns,LIST
88674ece09fffff,201,1,0.0,ns,LIST
88674ece0bfffff,24,0,0.0,ns,LIST
88674ece0dfffff,244,1,0.0,ns,LIST
88674ece21fffff,57,0,0.0,ns,LIST
88674ece25fffff,226,2,0.0,ns,LIST
88674ece27fffff,14,0,0.0,ns,LIST
88674ece29fffff,189,8,0.0,ns,LIST
88674ece2bfffff,4,1,0.0,ns,LIST
88674ece2dfffff,102,1,0.0,ns,LIST
88674ece41fffff,132,4,0.0,ns,LIST
88674ece43fffff,1287,82,0.0,ns,LIST
88674ece45fffff,7,0,0.0,ns,LIST
88674ece47fffff,255,19,0.0,ns,LIST
88674ece49fffff,327,20,0.0,ns,LIST
88674ece4bfffff,443,24,0.0,ns,LIST
88674ece4dfffff,114,4,0.0,ns,LIST
88674ece51fffff,1196,15,0.0,ns,LIST
88674ece53fffff,452,23,0.0,ns,LIST
88674ece55fffff,1496,57,0.0,ns,LIST
88674ece57fffff,237,0,0.0,ns,LIST
88674ece59fffff,1346,75,0.0,ns,LIST
88674ece5bfffff,545,68,0.0,ns,LIST
88674ece5dfffff,1191,41,0.0,ns,LIST
88674ece61fffff,332,8,0.0,ns,LIST
88674ece63fffff,239,3,0.0,ns,LIST
88674ece65fffff,502,17,0.0,ns,LIST
88674ece67fffff,210,15,0.0,ns,LIST
88674ece69fffff,253,12,0.0,ns,LIST
88674ece6bfffff,1172,60,0.0,ns,LIST
88674ece6dfffff,412,1,0.0,ns,LIST
88674ece81fffff,20,0,0.0,ns,LIST
88674ece85fffff,10,0,0.0,ns,LIST
88674ece89fffff,50,1,0.0,ns,LIST
88674ece8dfffff,77,2,0.0,ns,LIST
88674ecec1fffff,1023,8,0.0,ns,LIST
88674ecec3fffff,575,9,0.0,ns,LIST
88674ecec7fffff,310,11,0.0,ns,LIST
88674ecec9fffff,882,8,0.0,ns,LIST
88674ececbfffff,27,0,0.0,LL,LIST
88674ececdfffff,1,0,0.0,ns,LIST
88674ecee1fffff,2,0,0.0,ns,LIST
88674ecee3fffff,58,1,0.0,ns,LIST
88674eceebfffff,80,5,0.0,ns,LIST
88674ecf03fffff,2,0,0.0,ns,LIST
88674ecf05fffff,281,6,0.0,ns,LIST
88674ecf0dfffff,413,7,0.0,ns,LIST
88674ecf11fffff,33,1,0.0,ns,LIST
88674ecf13fffff,1,0,0.0,ns,LIST
88674ecf19fffff,215,8,0.0,ns,LIST
88674ecf1bfffff,85,11,0.0,ns,LIST
88674ecf1dfffff,72,1,0.0,ns,LIST
88674ecf29fffff,369,11,0.0,ns,LIST
88674ecf2dfffff,9,0,0.0,ns,LIST
88674ecf41fffff,2085,78,0.0,ns,LIST
88674ecf43fffff,557,3,0.0,ns,LIST
88674ecf45fffff,1913,98,0.0,ns,LIST
88674ecf47fffff,826,34,0.0,ns,LIST
88674ecf49fffff,488,12,0.0,ns,LIST
88674ecf4bfffff,39,0,0.0,ns,LIST
88674ecf4dfffff,1927,79,0.0,ns,LIST
88674ecf51fffff,1,0,0.0,ns,LIST
88674ecf53fffff,62,1,0.0,ns,LIST
88674ecf57fffff,27,0,0.0,ns,LIST
88674ecf59fffff,98,3,0.0,ns,LIST
88674ecf5bfffff,95,2,0.0,ns,LIST
88674ecf5dfffff,1,0,0.0,ns,LIST
88674ecf61fffff,2007,96,0.0,LL,LIST
88674ecf63fffff,1581,72,0.0,ns,LIST
88674ecf65fffff,2265,24,0.0,LL,LIST
88674ecf67fffff,2060,47,0.0,ns,LIST
88674ecf69fffff,1087,41,0.0,ns,LIST
88674ecf6bfffff,1193,25,0.0,ns,LIST
88674ecf6dfffff,766,18,0.0,ns,LIST
88675c1691fffff,452,30,0.0,ns,LIST
88675c1693fffff,19,0,0.0,ns,LIST
88675c1699fffff,490,15,0.0,ns,LIST
88675c169bfffff,1233,165,0.0,ns,LIST
88675c169dfffff,4,0,0.0,ns,LIST
88675c9683fffff,223,4,0.0,ns,LIST
88675c9695fffff,9,0,0.0,ns,LIST
88675c969dfffff,8,0,0.0,ns,LIST
88675c96d1fffff,1,0,0.0,ns,LIST
88675c96d7fffff,8,0,0.0,ns,LIST
88675c96dbfffff,13,0,0.0,ns,LIST
88675caa49fffff,385,86,0.0,ns,LIST
88675caa4bfffff,3,0,0.0,LH,LIST
88675caa4dfffff,225,29,0.0,HH,LIST
88675cb069fffff,146,2,0.0,ns,LIST
88675cb06dfffff,340,19,0.0,ns,LIST
88675cb101fffff,77,2,0.0,ns,LIST
88675cb103fffff,122,5,0.0,ns,LIST
88675cb105fffff,315,0,0.0,ns,LIST
88675cb107fffff,842,14,0.0,ns,LIST
88675cb109fffff,157,1,0.0,ns,LIST
88675cb10bfffff,63,0,0.0,ns,LIST
88675cb121fffff,954,32,0.0,LL,LIST
88675cb123fffff,1071,41,0.0,LL,LIST
88675cb125fffff,1214,18,0.0,ns,LIST
88675cb127fffff,1390,31,3.0,LL,LIST
88675cb129fffff,400,3,0.0,ns,LIST
88675cb12bfffff,982,8,0.0,ns,LIST
88675cb12dfffff,677,8,0.0,ns,LIST
88675cb131fffff,1060,26,0.0,ns,LIST
88675cb133fffff,323,9,0.0,ns,LIST
88675cb135fffff,947,42,0.0,ns,LIST
88675cb137fffff,361,3,0.0,ns,LIST
88675cb139fffff,764,23,0.0,ns,LIST
88675cb13bfffff,1,0,0.0,ns,LIST
88675cb13dfffff,1529,100,2.0,ns,LIST
88675cb143fffff,259,1,0.0,ns,LIST
88675cb147fffff,69,0,0.0,ns,LIST
88675cb149fffff,157,7,0.0,ns,LIST
88675cb14bfffff,500,14,0.0,ns,LIST
88675cb151fffff,20,0,0.0,ns,LIST
88675cb155fffff,112,0,0.0,ns,LIST
88675cb159fffff,197,4,0.0,ns,LIST
88675cb15dfffff,990,43,0.0,ns,LIST
88675cb167fffff,32,0,0.0,ns,LIST
88675cb203fffff,27,2,0.0,ns,LIST
88675cb205fffff,12,0,0.0,ns,LIST
88675cb207fffff,75,0,0.0,ns,LIST
88675cb209fffff,20,0,0.0,ns,LIST
88675cb20bfffff,3,0,0.0,ns,LIST
88675cb215fffff,6,0,0.0,ns,LIST
88675cb21dfffff,14,0,0.0,ns,LIST
88675cb221fffff,4,0,0.0,ns,LIST
88675cb223fffff,43,5,0.0,ns,LIST
88675cb225fffff,10,0,0.0,ns,LIST
88675cb227fffff,41,4,0.0,ns,LIST
88675cb22bfffff,8,0,0.0,ns,LIST
88675cb239fffff,56,1,0.0,ns,LIST
88675cb23dfffff,259,6,0.0,ns,LIST
88675cb241fffff,1,0,0.0,ns,LIST
88675cb243fffff,44,0,0.0,ns,LIST
88675cb247fffff,35,0,0.0,ns,LIST
88675cb24bfffff,72,0,0.0,ns,LIST
88675cb251fffff,202,21,0.0,ns,LIST
88675cb257fffff,32,0,0.0,ns,LIST
88675cb259fffff,4,0,0.0,ns,LIST
88675cb25bfffff,6,0,0.0,ns,LIST
88675cb25dfffff,8,0,0.0,ns,LIST
88675cb301fffff,610,13,0.0,ns,LIST
88675cb303fffff,378,2,0.0,ns,LIST
88675cb305fffff,8,0,0.0,ns,LIST
88675cb307fffff,819,42,0.0,ns,LIST
88675cb309fffff,3,0,0.0,ns,LIST
88675cb30bfffff,13,0,0.0,ns,LIST
88675cb311fffff,1308,36,0.0,ns,LIST
88675cb313fffff,387,16,0.0,ns,LIST
88675cb315fffff,1080,20,0.0,ns,LIST
88675cb317fffff,1110,65,0.0,ns,LIST
88675cb319fffff,76,0,0.0,ns,LIST
88675cb31bfffff,369,5,0.0,ns,LIST
88675cb323fffff,82,0,0.0,ns,LIST
88675cb331fffff,469,38,0.0,ns,LIST
88675cb333fffff,159,10,0.0,ns,LIST
88675cb335fffff,452,13,0.0,ns,LIST
88675cb337fffff,86,1,0.0,ns,LIST
88675cb339fffff,306,7,0.0,ns,LIST
88675cb33bfffff,1050,24,0.0,ns,LIST
88675cb33dfffff,328,9,0.0,ns,LIST
88675cb801fffff,38,1,0.0,ns,LIST
88675cb805fffff,179,5,0.0,ns,LIST
88675cb807fffff,18,0,0.0,ns,LIST
88675cb809fffff,809,63,1.0,ns,LIST
88675cb80bfffff,494,36,0.0,ns,LIST
88675cb823fffff,1,0,0.0,ns,LIST
88675cb82bfffff,226,3,0.0,ns,LIST
88675cb835fffff,1,0,0.0,ns,LIST
88675cb83dfffff,17,0,0.0,ns,LIST
88675cb841fffff,186,10,0.0,ns,LIST
88675cb843fffff,855,77,0.0,ns,LIST
88675cb847fffff,13,3,0.0,ns,LIST
88675cb84bfffff,632,16,0.0,ns,LIST
88675cb851fffff,729,29,0.0,ns,LIST
88675cb855fffff,1597,138,0.0,ns,LIST
88675cb857fffff,307,20,0.0,ns,LIST
88675cb859fffff,627,8,0.0,ns,LIST
88675cb85bfffff,211,5,0.0,ns,LIST
88675cb85dfffff,1612,118,0.0,ns,LIST
88675cb881fffff,1,0,0.0,ns,LIST
88675cb885fffff,71,1,0.0,ns,LIST
88675cb887fffff,282,7,0.0,ns,LIST
88675cb8a1fffff,209,15,0.0,ns,LIST
88675cb8a3fffff,835,106,0.0,HH,LIST
88675cb8a5fffff,141,8,0.0,ns,LIST
88675cb8a7fffff,457,29,0.0,HH,LIST
88675cb8abfffff,303,28,0.0,ns,LIST
88675cb8b1fffff,1,0,0.0,ns,LIST
88675cb8b5fffff,558,47,0.0,HH,LIST
88675cb8bdfffff,1361,141,0.0,ns,LIST
88675cb8c1fffff,45,0,0.0,ns,LIST
88675cb8c9fffff,250,13,0.0,ns,LIST
88675cb8cbfffff,28,0,0.0,ns,LIST
88675cb8cdfffff,269,13,0.0,ns,LIST
88675cb913fffff,17,0,0.0,ns,LIST
88675cb917fffff,51,0,0.0,ns,LIST
88675cb981fffff,766,32,0.0,ns,LIST
88675cb983fffff,5,0,0.0,ns,LIST
88675cb985fffff,321,27,0.0,ns,LIST
88675cb987fffff,198,8,0.0,ns,LIST
88675cb989fffff,701,17,0.0,ns,LIST
88675cb98bfffff,10,0,0.0,ns,LIST
88675cb98dfffff,876,96,0.0,ns,LIST
88675cb991fffff,25,0,0.0,ns,LIST
88675cb999fffff,804,41,0.0,ns,LIST
88675cb99bfffff,749,64,0.0,ns,LIST
88675cb99dfffff,188,10,0.0,ns,LIST
88675cb9a1fffff,403,73,0.0,ns,LIST
88675cb9a3fffff,149,12,0.0,ns,LIST
88675cb9a5fffff,1208,80,0.0,HH,LIST
88675cb9a7fffff,571,89,0.0,HH,LIST
88675cb9abfffff,298,5,0.0,ns,LIST
88675cb9bdfffff,60,2,0.0,ns,LIST
88675cb9c1fffff,67,0,0.0,ns,LIST
88675cb9c3fffff,19,3,0.0,ns,LIST
88675cb9c5fffff,428,23,0.0,ns,LIST
88675cb9c7fffff,692,8,0.0,ns,LIST
88675cb9c9fffff,131,12,0.0,ns,LIST
88675cb9cbfffff,11,0,0.0,ns,LIST
88675cb9cdfffff,1,0,0.0,ns,LIST
88675cb9d3fffff,171,5,0.0,ns,LIST
88675cb9d7fffff,230,0,0.0,ns,LIST
88675cb9e9fffff,279,0,0.0,ns,LIST
88675cb9ebfffff,37,0,0.0,ns,LIST
88675cba11fffff,1445,48,0.0,ns,LIST
88675cba13fffff,1647,68,0.0,ns,LIST
88675cba15fffff,532,11,0.0,ns,LIST
88675cba17fffff,1369,54,0.0,ns,LIST
88675cba19fffff,1079,66,0.0,ns,LIST
88675cba1bfffff,1357,91,0.0,HL,LIST
88675cba1dfffff,210,12,0.0,ns,LIST
88675cba31fffff,344,15,0.0,ns,LIST
88675cba33fffff,1065,42,0.0,ns,LIST
88675cba35fffff,19,0,0.0,ns,LIST
88675cba37fffff,1117,53,0.0,ns,LIST
88675cba3bfffff,639,27,0.0,ns,LIST
88675cba51fffff,29,0,0.0,ns,LIST
88675cba53fffff,884,51,0.0,ns,LIST
88675cba57fffff,143,5,0.0,ns,LIST
88675cba5bfffff,10,0,0.0,ns,LIST
88675cba81fffff,585,29,0.0,ns,LIST
88675cba83fffff,274,7,0.0,ns,LIST
88675cba85fffff,14,0,0.0,ns,LIST
88675cba87fffff,44,0,0.0,ns,LIST
88675cba89fffff,42,0,0.0,ns,LIST
88675cba8bfffff,108,0,0.0,ns,LIST
88675cba8dfffff,109,9,0.0,ns,LIST
88675cba95fffff,88,0,0.0,ns,LIST
88675cba9dfffff,55,0,0.0,ns,LIST
88675cbaa1fffff,30,0,0.0,ns,LIST
88675cbaa3fffff,363,24,0.0,ns,LIST
88675cbaa7fffff,162,13,0.0,ns,LIST
88675cbaa9fffff,113,0,0.0,ns,LIST
88675cbaabfffff,141,3,0.0,ns,LIST
88675cbab5fffff,32,0,0.0,ns,LIST
88675cbab9fffff,12,0,0.0,ns,LIST
88675cbabdfffff,1109,97,0.0,ns,LIST
88675cbac1fffff,775,53,0.0,HL,LIST
88675cbac3fffff,380,15,0.0,ns,LIST
88675cbac5fffff,1756,65,0.0,ns,LIST
88675cbac7fffff,423,5,0.0,ns,LIST
88675cbac9fffff,702,10,8.0,ns,LIST
88675cbacbfffff,292,20,0.0,ns,LIST
88675cbacdfffff,1766,17,0.0,ns,LIST
88675cbad9fffff,29,0,0.0,ns,LIST
88675cbae1fffff,1120,41,0.0,ns,LIST
88675cbae3fffff,310,32,0.0,ns,LIST
88675cbae5fffff,1222,71,0.0,ns,LIST
88675cbae7fffff,141,10,0.0,ns,LIST
88675cbae9fffff,1554,44,0.0,ns,LIST
88675cbaebfffff,637,41,0.0,ns,LIST
88675cbaedfffff,1267,35,0.0,ns,LIST
